지역,노선명,역명,위도,경도,총_승하차객수,브랜드_밀도,프리미엄_비율,가성비_비율,브랜드_다양성,클러스터
서울,1호선,동대문,37.571646,127.01069,23116,24.0,0.17,0.83,10.0,0
서울,1호선,개봉,37.494698,126.858504,41638,16.0,0.19,0.81,9.0,0
서울,1호선,구일,37.495973,126.869201,13202,6.0,0.0,1.0,5.0,3
서울,1호선,월계,37.633114,127.058835,10957,4.0,0.0,1.0,4.0,3
서울,1호선,오류동,37.4944,126.844551,20517,12.0,0.33,0.67,8.0,0
인천,1호선,간석,37.464689,126.693408,10094,7.0,0.14,0.86,6.0,0
인천,1호선,도원,37.468604,126.642824,5439,3.0,0.0,1.0,3.0,0
인천,1호선,도화,37.466154,126.66846,6773,3.0,0.33,0.67,3.0,0
경기,1호선,중동,37.486664,126.764474,15122,9.0,0.11,0.89,5.0,2
경기,1호선,송내,37.487626,126.753045,45274,17.0,0.29,0.71,10.0,3
경기,1호선,소사,37.482755,126.795654,14236,12.0,0.25,0.75,9.0,0
경기,1호선,부천,37.484066,126.782779,58513,20.0,0.25,0.75,10.0,3
서울,1호선,온수,37.492267,126.823399,10423,3.0,0.33,0.67,3.0,3
서울,1호선,용산,37.52989,126.964775,93127,30.0,0.47,0.53,12.0,1
서울,1호선,외대앞,37.596157,127.063572,20201,14.0,0.36,0.64,9.0,0
서울,1호선,구로,37.503178,126.882037,31723,13.0,0.38,0.62,10.0,0
서울,1호선,금천구청,37.45576,126.894344,19879,10.0,0.3,0.7,6.0,0
경기,1호선,오산대,37.169401,127.063081,6417,9.0,0.22,0.78,6.0,0
경기,1호선,동두천,37.927569,127.054825,2835,0.0,0.0,0.0,0.0,1
경기,1호선,관악,37.419578,126.908476,12650,0.0,0.0,0.0,0.0,1
서울,1호선,회기,37.589602,127.057936,46135,11.0,0.27,0.73,8.0,0
인천,1호선,백운,37.483301,126.707179,12210,3.0,0.0,1.0,3.0,0
서울,1호선,창동,37.653181,127.047663,5,16.0,0.19,0.81,9.0,0
서울,1호선,남영,37.540597,126.971171,17627,16.0,0.38,0.62,8.0,0
서울,1호선,신도림,37.508983,126.891513,7247,13.0,0.31,0.69,10.0,0
서울,1호선,영등포,37.515756,126.907411,84349,23.0,0.48,0.52,10.0,1
서울,1호선,광운대,37.623635,127.061975,14198,12.0,0.33,0.67,7.0,0
서울,1호선,신길,37.517018,126.917743,14829,5.0,0.2,0.8,4.0,3
서울,1호선,녹천,37.644599,127.051406,7417,2.0,0.5,0.5,2.0,2
서울,1호선,도봉,37.679441,127.045521,10497,4.0,0.0,1.0,3.0,3
서울,1호선,도봉산,37.689603,127.046047,11181,3.0,0.33,0.67,3.0,3
경기,1호선,진위,37.109771,127.062342,2714,0.0,0.0,0.0,0.0,1
서울,1호선,방학,37.667471,127.044295,18491,14.0,0.29,0.71,7.0,0
서울,1호선,신이문,37.601829,127.067347,14995,4.0,0.0,1.0,4.0,3
경기,1호선,회룡,37.724037,127.047319,23670,14.0,0.29,0.71,10.0,3
서울,1호선,가산디지털단지,37.481568,126.882628,32001,38.0,0.34,0.66,10.0,1
경기,1호선,청산,37.995138,127.074097,241,0.0,0.0,0.0,0.0,1
경기,1호선,전곡,38.024041,127.071913,2140,7.0,0.14,0.86,7.0,2
서울,1호선,대방,37.513392,126.926407,19484,6.0,0.33,0.67,5.0,3
경기,1호선,의왕,37.320648,126.948099,16103,4.0,0.0,1.0,2.0,2
서울,1호선,독산,37.465994,126.889508,29846,10.0,0.2,0.8,7.0,3
경기,1호선,역곡,37.48514,126.811622,45474,12.0,0.17,0.83,8.0,3
서울,1호선,노량진,37.514072,126.941671,17426,19.0,0.32,0.68,9.0,0
경기,1호선,오산,37.145472,127.066708,19285,6.0,0.33,0.67,5.0,0
인천,1호선,동암,37.470835,126.703016,27880,8.0,0.25,0.75,6.0,1
서울,1호선,석계,37.615206,127.065594,14098,9.0,0.22,0.78,5.0,3
경기,1호선,소요산,37.948608,127.061007,3110,1.0,0.0,1.0,1.0,2
경기,1호선,평택,36.990559,127.085496,23452,12.0,0.58,0.42,11.0,3
경기,1호선,당정,37.34338,126.948388,10323,6.0,0.17,0.83,4.0,2
경기,1호선,병점,37.206821,127.033268,26986,15.0,0.2,0.8,8.0,3
경기,1호선,서동탄,37.195675,127.051893,2390,1.0,1.0,0.0,1.0,0
경기,1호선,서정리,37.056459,127.052844,14857,8.0,0.12,0.88,5.0,2
경기,1호선,석수,37.435161,126.902233,14051,3.0,0.33,0.67,2.0,2
경기,1호선,성균관대,37.300344,126.970861,27146,11.0,0.36,0.64,8.0,3
경기,1호선,세류,37.244102,127.013772,6198,4.0,0.5,0.5,3.0,0
경기,1호선,세마,37.187288,127.043279,5962,6.0,0.17,0.83,5.0,2
경기,1호선,명학,37.384435,126.935579,14380,10.0,0.3,0.7,9.0,0
경기,1호선,평택지제,37.018822,127.070269,7994,2.0,0.0,1.0,2.0,2
경기,1호선,화서,37.28399,126.989581,20584,8.0,0.62,0.38,6.0,0
경기,1호선,가능,37.748362,127.044251,11196,5.0,0.2,0.8,4.0,2
경기,1호선,의정부,37.73873,127.045891,35898,25.0,0.48,0.52,12.0,3
경기,1호선,연천,38.100485,127.07368,1660,4.0,0.0,1.0,4.0,2
인천,1호선,주안,37.465041,126.680702,30696,21.0,0.33,0.67,13.0,1
인천,1호선,제물포,37.466809,126.657165,17857,8.0,0.38,0.62,6.0,1
인천,1호선,인천,37.476364,126.616936,5641,5.0,0.0,1.0,4.0,0
경기,1호선,양주,37.774281,127.044719,12163,1.0,0.0,1.0,1.0,2
경기,1호선,금정,37.371957,126.943411,51937,15.0,0.33,0.67,9.0,3
경기,1호선,군포,37.353732,126.948517,11885,5.0,0.0,1.0,3.0,2
경기,1호선,송탄,37.075376,127.054397,7920,4.0,0.5,0.5,4.0,0
경기,1호선,광명,37.415995,126.884523,6602,11.0,0.45,0.55,8.0,0
경기,1호선,보산,37.914268,127.057134,2667,2.0,0.0,1.0,2.0,2
인천,1호선,부평,37.489457,126.724584,56914,30.0,0.23,0.77,11.0,1
경기,1호선,망월사,37.710499,127.047361,13682,8.0,0.25,0.75,7.0,0
경기,1호선,동두천중앙,37.901818,127.056528,4971,3.0,0.0,1.0,3.0,2
경기,1호선,덕정,37.843216,127.061511,10108,4.0,0.0,1.0,3.0,2
경기,1호선,덕계,37.818761,127.056676,10847,8.0,0.38,0.62,6.0,0
경기,1호선,녹양,37.759416,127.042272,7587,6.0,0.17,0.83,5.0,2
경기,1호선,수원,37.266162,126.999821,75886,20.0,0.6,0.4,11.0,3
경기,1호선,안양,37.401929,126.922647,39873,25.0,0.36,0.64,11.0,3
서울,1호선,동묘앞,37.573265,127.016459,19398,13.0,0.0,1.0,5.0,3
경기,1호선,지행,37.892361,127.055734,11483,12.0,0.33,0.67,10.0,0
서울,1호선,시청,37.565211,126.977207,29260,41.0,0.54,0.46,11.0,1
서울,1호선,신설동,37.576117,127.02471,26474,13.0,0.23,0.77,8.0,0
서울,1호선,제기동,37.578116,127.034902,31308,9.0,0.22,0.78,8.0,0
인천,1호선,부개,37.488479,126.740549,14664,5.0,0.2,0.8,4.0,0
서울,1호선,종각,37.570203,126.983116,77041,51.0,0.51,0.49,12.0,1
서울,1호선,종로3가,37.570429,126.992095,46893,22.0,0.27,0.73,8.0,0
서울,1호선,종로5가,37.570971,127.0019,45252,26.0,0.31,0.69,12.0,1
서울,1호선,청량리,37.580148,127.045063,45302,15.0,0.27,0.73,8.0,0
서울,1호선,서울역,37.55585,126.972103,137368,27.0,0.44,0.56,12.0,1
인천,1호선,동인천,37.475414,126.632598,23472,10.0,0.2,0.8,7.0,1
서울,2호선,강남,37.49805,127.02795,156545,51.0,0.55,0.45,13.0,1
서울,2호선,신당,37.565675,127.0194259,29647,18.0,0.22,0.78,8.0,0
서울,2호선,신도림,37.508815,126.891222,90384,13.0,0.31,0.69,10.0,1
서울,2호선,신림,37.484216,126.929573,104809,25.0,0.32,0.68,12.0,1
서울,2호선,양천구청,37.5123294,126.865593,13096,5.0,0.0,1.0,5.0,3
서울,2호선,서초,37.49191,127.007685,40209,13.0,0.46,0.54,8.0,0
서울,2호선,상왕십리,37.564444,127.029322,26891,10.0,0.4,0.6,6.0,0
서울,2호선,사당,37.476536,126.981631,84240,14.0,0.43,0.57,8.0,1
서울,2호선,신정네거리,37.520218,126.852849,19576,9.0,0.11,0.89,7.0,3
서울,2호선,신설동,37.574653,127.025158,7899,14.0,0.21,0.79,8.0,0
서울,2호선,신대방,37.487604,126.913479,46148,3.0,0.0,1.0,2.0,3
서울,2호선,아현,37.557407,126.956079,19954,8.0,0.38,0.62,6.0,0
서울,2호선,영등포구청,37.525766,126.896627,44298,22.0,0.32,0.68,12.0,0
서울,2호선,신답,37.569847,127.047048,3392,4.0,0.25,0.75,4.0,3
서울,2호선,시청,37.563534,126.975271,29260,39.0,0.54,0.46,13.0,1
서울,2호선,왕십리,37.561289,127.0370615,29267,24.0,0.38,0.62,13.0,0
서울,2호선,용답,37.562066,127.05087863,5387,4.0,0.25,0.75,4.0,3
서울,2호선,용두,37.574012,127.03811,4513,5.0,0.0,1.0,4.0,3
서울,2호선,을지로3가,37.566292,126.990873,48190,32.0,0.34,0.66,11.0,1
서울,2호선,을지로4가,37.566611,126.997622,26954,12.0,0.25,0.75,8.0,0
서울,2호선,역삼,37.500658,127.03643,99058,31.0,0.45,0.55,11.0,1
서울,2호선,성수,37.544628,127.055983,103501,17.0,0.24,0.76,9.0,1
서울,2호선,홍대입구,37.556748,126.923643,146245,37.0,0.51,0.49,12.0,1
서울,2호선,신촌,37.555153,126.93689,72056,29.0,0.62,0.38,9.0,1
서울,2호선,합정,37.550025,126.914557,64849,25.0,0.4,0.6,12.0,1
서울,2호선,선릉,37.504477,127.048974,98435,35.0,0.43,0.57,13.0,1
서울,2호선,잠실나루,37.520688,127.103836,26399,12.0,0.42,0.58,5.0,0
서울,2호선,잠실,37.513305,127.100129,152150,24.0,0.62,0.38,10.0,1
서울,2호선,문래,37.517993,126.894766,44270,21.0,0.29,0.71,8.0,0
서울,2호선,뚝섬,37.54718,127.047413,46580,20.0,0.2,0.8,7.0,0
서울,2호선,동대문역사문화공원,37.565609,127.009083,30414,23.0,0.43,0.57,9.0,0
서울,2호선,도림천,37.5145589,126.882586,2632,2.0,0.5,0.5,2.0,2
서울,2호선,낙성대,37.47713,126.963583,51923,11.0,0.45,0.55,7.0,0
서울,2호선,당산,37.534807,126.902611,36063,17.0,0.41,0.59,9.0,0
서울,2호선,방배,37.481469,126.997627,29215,11.0,0.36,0.64,7.0,0
서울,2호선,구의,37.537157,127.0862124,53095,19.0,0.21,0.79,9.0,0
서울,2호선,구로디지털단지,37.4852931,126.901456,107215,23.0,0.22,0.78,10.0,1
서울,2호선,교대,37.493957,127.014431,62009,23.0,0.43,0.57,12.0,1
서울,2호선,강변,37.535161,127.094684,49640,13.0,0.69,0.31,10.0,1
서울,2호선,봉천,37.482416,126.941696,45293,12.0,0.08,0.92,7.0,3
서울,2호선,삼성,37.508827,127.063203,102363,24.0,0.58,0.42,10.0,1
서울,2호선,서울대입구,37.481233,126.952745,86070,27.0,0.33,0.67,11.0,1
서울,2호선,한양대,37.555758,127.0436594,16892,8.0,0.5,0.5,6.0,0
서울,2호선,을지로입구,37.565998,126.982569,99168,56.0,0.57,0.43,13.0,1
서울,2호선,건대입구,37.540408,127.069231,74558,27.0,0.44,0.56,11.0,1
서울,2호선,이대,37.556734,126.945897,30365,18.0,0.33,0.67,9.0,0
서울,2호선,잠실새내,37.511653,127.086224,44219,14.0,0.43,0.57,9.0,0
서울,2호선,종합운동장,37.511128,127.073841,13574,3.0,0.33,0.67,3.0,3
서울,2호선,충정로,37.559742,126.964455,19898,18.0,0.5,0.5,8.0,0
서울,2호선,대림,37.4932826,126.8949793,46636,9.0,0.33,0.67,6.0,0
경기,3호선,지축,37.648114,126.913746,1,7.0,0.29,0.71,6.0,0
서울,3호선,잠원,37.512989,127.011613,13169,2.0,0.5,0.5,2.0,2
서울,3호선,가락시장,37.492318,127.1177,17258,10.0,0.6,0.4,6.0,2
서울,3호선,도곡,37.491129,127.055694,10902,5.0,0.6,0.4,4.0,2
서울,3호선,고속터미널,37.504953,127.004916,97216,31.0,0.55,0.45,11.0,1
서울,3호선,동대입구,37.55906,127.005273,20105,4.0,0.75,0.25,3.0,2
서울,3호선,을지로3가,37.566299,126.992616,24144,24.0,0.38,0.62,10.0,0
서울,3호선,교대,37.49306,127.013796,24382,24.0,0.42,0.58,12.0,0
서울,3호선,경복궁,37.575844,126.973576,45114,18.0,0.39,0.61,9.0,0
경기,3호선,주엽,37.670138,126.761232,15912,10.0,0.4,0.6,7.0,0
경기,3호선,마두,37.652185,126.777641,14238,12.0,0.42,0.58,9.0,0
경기,3호선,원흥,37.650709,126.873239,19918,7.0,0.43,0.57,6.0,0
경기,3호선,화정,37.634708,126.832503,31958,20.0,0.5,0.5,10.0,3
경기,3호선,백석,37.642973,126.788109,19038,14.0,0.43,0.57,9.0,0
경기,3호선,대화,37.675883,126.747756,17340,7.0,0.43,0.57,6.0,0
경기,3호선,대곡,37.631629,126.811025,18913,0.0,0.0,0.0,0.0,1
경기,3호선,정발산,37.659709,126.773254,13459,18.0,0.5,0.5,11.0,3
경기,3호선,원당,37.653103,126.842891,20370,7.0,0.29,0.71,6.0,0
서울,3호선,경찰병원,37.495754,127.124198,14196,14.0,0.36,0.64,8.0,0
서울,3호선,홍제,37.588851,126.944092,33626,10.0,0.4,0.6,9.0,0
서울,3호선,일원,37.48389,127.08416,20726,2.0,1.0,0.0,2.0,2
서울,3호선,학여울,37.496787,127.0708601,4056,2.0,0.5,0.5,2.0,2
경기,3호선,삼송,37.653096,126.895559,35140,6.0,0.33,0.67,5.0,0
서울,3호선,옥수,37.541653,127.017303,17127,4.0,0.5,0.5,4.0,2
서울,3호선,불광,37.610154,126.930183,31866,17.0,0.24,0.76,9.0,0
경기,3호선,지축,37.648151,126.913751,13753,7.0,0.29,0.71,6.0,0
서울,3호선,수서,37.4875,127.101924,35520,13.0,0.54,0.46,10.0,0
서울,3호선,신사,37.516438,127.020247,53616,19.0,0.42,0.58,10.0,1
서울,3호선,안국,37.576562,126.98547,47368,11.0,0.27,0.73,6.0,0
서울,3호선,약수,37.554554,127.010858,23748,9.0,0.22,0.78,5.0,3
서울,3호선,충무로,37.561382,126.994173,5,26.0,0.27,0.73,10.0,0
서울,3호선,연신내,37.619295,126.920959,68686,23.0,0.22,0.78,9.0,1
서울,3호선,오금,37.502288,127.128344,11532,3.0,0.0,1.0,3.0,3
서울,3호선,매봉,37.487114,127.046907,23093,5.0,0.4,0.6,5.0,0
서울,3호선,양재,37.48458,127.03423,71554,25.0,0.36,0.64,10.0,1
서울,3호선,독립문,37.574534,126.957902,14718,5.0,0.6,0.4,5.0,2
서울,3호선,종로3가,37.571537,126.991837,21801,22.0,0.23,0.77,8.0,0
서울,3호선,대치,37.494601,127.063449,25323,6.0,0.67,0.33,4.0,2
서울,3호선,대청,37.493607,127.079526,18964,5.0,0.0,1.0,4.0,3
서울,3호선,녹번,37.600882,126.935758,27017,8.0,0.38,0.62,7.0,0
서울,3호선,남부터미널,37.48494,127.016289,60126,26.0,0.38,0.62,10.0,1
서울,3호선,금호,37.548269,127.015785,14885,6.0,0.33,0.67,6.0,0
서울,3호선,구파발,37.636612,126.918827,40570,15.0,0.4,0.6,10.0,0
서울,3호선,무악재,37.582658,126.950131,7928,3.0,0.33,0.67,2.0,3
서울,3호선,압구정,37.526169,127.028502,61256,22.0,0.55,0.45,9.0,1
경기,4호선,정왕,37.351816,126.742844,16001,4.0,0.0,1.0,4.0,2
경기,4호선,중앙,37.316055,126.838532,34949,20.0,0.5,0.5,11.0,3
경기,4호선,한대앞,37.309685,126.853656,16177,13.0,0.31,0.69,11.0,0
서울,4호선,회현,37.558698,126.978346,53255,39.0,0.56,0.44,11.0,1
서울,4호선,불암산,37.67009,127.079004,16619,3.0,0.0,1.0,3.0,3
경기,4호선,과천,37.432805,126.996404,9324,2.0,0.0,1.0,2.0,2
경기,4호선,금정,37.371957,126.943611,51937,15.0,0.33,0.67,9.0,3
서울,4호선,충무로,37.561352,126.994573,55857,25.0,0.24,0.76,10.0,1
경기,4호선,정부과천청사,37.426445,126.989802,24954,14.0,0.36,0.64,10.0,3
경기,4호선,평촌,37.394346,126.963881,32088,19.0,0.32,0.68,11.0,3
경기,4호선,인덕원,37.401901,126.976718,48335,9.0,0.22,0.78,7.0,3
경기,4호선,수리산,37.350297,126.925537,6572,2.0,0.0,1.0,2.0,2
경기,4호선,안산,37.327006,126.788748,21189,6.0,0.0,1.0,4.0,2
경기,4호선,초지,37.320583,126.806151,8574,4.0,0.0,1.0,4.0,2
경기,4호선,선바위,37.451854,127.002164,12631,0.0,0.0,0.0,0.0,1
경기,4호선,상록수,37.302845,126.866533,26365,9.0,0.22,0.78,8.0,0
경기,4호선,산본,37.358019,126.932969,31317,19.0,0.53,0.47,13.0,3
경기,4호선,범계,37.389783,126.950752,53529,20.0,0.45,0.55,10.0,3
경기,4호선,반월,37.312244,126.903684,7827,2.0,0.0,1.0,2.0,2
경기,4호선,대야미,37.328304,126.917161,8548,2.0,0.0,1.0,2.0,2
경기,4호선,대공원,37.435724,127.006474,4622,0.0,0.0,0.0,0.0,1
서울,4호선,이촌,37.52919,126.9679818,22716,30.0,0.47,0.53,13.0,1
경기,4호선,능길,37.337488,126.767306,0,0.0,0.0,0.0,0.0,1
경기,4호선,오이도,37.361773,126.738437,13306,0.0,0.0,0.0,0.0,1
서울,4호선,쌍문,37.648274,127.034381,52847,14.0,0.29,0.71,10.0,0
경기,4호선,고잔,37.316821,126.823094,15674,11.0,0.18,0.82,7.0,0
서울,4호선,신용산,37.52919,126.96858,45233,29.0,0.45,0.55,13.0,1
서울,4호선,상계,37.660576,127.073199,34827,12.0,0.08,0.92,6.0,3
서울,4호선,미아,37.626435,127.026151,29086,9.0,0.22,0.78,7.0,3
서울,4호선,명동,37.560955,126.986271,68791,37.0,0.54,0.46,9.0,1
서울,4호선,동작,37.503567,126.980171,3285,0.0,0.0,0.0,0.0,2
서울,4호선,동대문역사문화공원,37.565141,127.007808,35767,23.0,0.48,0.52,9.0,0
서울,4호선,동대문,37.57099,127.00925,36138,27.0,0.15,0.85,10.0,0
서울,4호선,창동,37.653315,127.048304,53185,16.0,0.19,0.81,9.0,0
서울,4호선,길음,37.603387,127.025053,39390,13.0,0.38,0.62,9.0,0
서울,4호선,한성대입구,37.58838,127.005951,25372,7.0,0.29,0.71,5.0,3
서울,4호선,혜화,37.582116,127.001929,71978,29.0,0.48,0.52,12.0,1
경기,4호선,진접,37.720472,127.203167,8493,6.0,0.33,0.67,6.0,0
서울,4호선,노원,37.656274,127.063183,41177,23.0,0.39,0.61,11.0,0
서울,4호선,남태령,37.464339,126.989081,2355,0.0,0.0,0.0,0.0,2
서울,4호선,수유,37.637727,127.025371,64683,23.0,0.39,0.61,9.0,1
서울,4호선,총신대입구,37.487521,126.982309,38594,23.0,0.48,0.52,10.0,0
서울,4호선,삼각지,37.534457,126.972992,14725,7.0,0.14,0.86,6.0,3
서울,4호선,사당,37.476263,126.981636,46885,14.0,0.43,0.57,8.0,0
서울,4호선,서울역,37.553172,126.972706,33454,22.0,0.45,0.55,10.0,0
서울,4호선,성신여대입구,37.592882,127.016908,41448,24.0,0.25,0.75,10.0,0
경기,4호선,별내별가람,37.667833,127.116167,11460,7.0,0.29,0.71,7.0,0
경기,4호선,오남,37.7054056,127.191644,9500,3.0,0.0,1.0,3.0,2
경기,4호선,경마공원,37.443987,127.007899,10410,0.0,0.0,0.0,0.0,1
서울,4호선,미아사거리,37.613276,127.030083,49663,15.0,0.4,0.6,9.0,0
서울,4호선,숙대입구,37.5447834,126.9721,27306,12.0,0.5,0.5,8.0,0
서울,5호선,신금호,37.554504,127.020403,11894,6.0,0.33,0.67,5.0,3
서울,5호선,신길,37.51763,126.914886,9580,7.0,0.29,0.71,6.0,3
서울,5호선,상일동,37.556714,127.166381,26787,10.0,0.3,0.7,8.0,0
서울,5호선,신정,37.525001,126.856176,23359,7.0,0.29,0.71,6.0,3
서울,5호선,송정,37.561201,126.812052,11626,8.0,0.25,0.75,6.0,3
서울,5호선,충정로,37.560061,126.962783,9290,13.0,0.54,0.46,6.0,0
서울,5호선,천호,37.538566,127.123539,39443,22.0,0.27,0.73,10.0,0
서울,5호선,광화문,37.571645,126.976568,65042,46.0,0.59,0.41,12.0,1
서울,5호선,명일,37.551317,127.144002,15433,11.0,0.36,0.64,9.0,0
서울,5호선,영등포시장,37.52276,126.905143,23551,21.0,0.14,0.86,6.0,3
서울,5호선,방화,37.577669,126.812822,12959,6.0,0.17,0.83,5.0,3
서울,5호선,서대문,37.565812,126.966639,34450,30.0,0.5,0.5,11.0,1
서울,5호선,발산,37.562182,126.82693,46341,31.0,0.39,0.61,10.0,1
서울,5호선,광나루,37.545301,127.103478,20089,8.0,0.5,0.5,6.0,0
서울,5호선,목동,37.526088,126.864296,32100,10.0,0.4,0.6,7.0,0
서울,5호선,청구,37.560237,127.01379,6286,7.0,0.14,0.86,5.0,3
서울,5호선,마포,37.539718,126.946043,28217,21.0,0.33,0.67,10.0,0
서울,5호선,아차산,37.552005,127.089609,27278,11.0,0.18,0.82,9.0,0
서울,5호선,마천,37.494972,127.152784,12841,4.0,0.0,1.0,4.0,3
서울,5호선,방이,37.508752,127.126054,15000,11.0,0.18,0.82,8.0,3
서울,5호선,애오개,37.553592,126.956733,12797,9.0,0.33,0.67,7.0,0
경기,5호선,하남풍산,37.552201,127.203897,8657,5.0,0.6,0.4,4.0,0
서울,5호선,여의나루,37.527045,126.932807,20923,11.0,0.45,0.55,7.0,0
서울,5호선,군자,37.557102,127.079559,24550,11.0,0.27,0.73,7.0,0
서울,5호선,종로3가,37.572546,126.990447,28471,22.0,0.23,0.77,8.0,0
서울,5호선,굽은다리,37.545442,127.142844,18712,11.0,0.45,0.55,7.0,0
서울,5호선,둔촌동,37.527787,127.136219,25312,16.0,0.19,0.81,9.0,0
서울,5호선,장한평,37.561438,127.064601,37598,10.0,0.2,0.8,8.0,0
서울,5호선,답십리,37.566833,127.05266,28770,13.0,0.23,0.77,7.0,0
경기,5호선,하남검단산,37.539729,127.223427,12242,4.0,0.25,0.75,4.0,2
서울,5호선,까치산,37.53221,126.846466,51596,11.0,0.27,0.73,9.0,0
서울,5호선,길동,37.538022,127.140085,17927,16.0,0.44,0.56,11.0,0
서울,5호선,양평,37.525614,126.886177,15435,11.0,0.18,0.82,7.0,3
서울,5호선,강동,37.53581,127.13249,35308,14.0,0.43,0.57,7.0,0
서울,5호선,강일,37.557521,127.176018,10954,2.0,0.5,0.5,2.0,2
서울,5호선,고덕,37.555002,127.154214,19180,10.0,0.4,0.6,10.0,0
서울,5호선,개화산,37.572458,126.806838,11218,12.0,0.33,0.67,10.0,0
서울,5호선,거여,37.493208,127.143983,18620,8.0,0.5,0.5,6.0,0
서울,5호선,마곡,37.55865,126.837693,30624,26.0,0.46,0.54,10.0,0
서울,5호선,공덕,37.544005,126.951058,27446,27.0,0.44,0.56,10.0,0
서울,5호선,행당,37.557297,127.029482,14210,7.0,0.29,0.71,5.0,3
서울,5호선,여의도,37.521678,126.924318,55497,35.0,0.66,0.34,9.0,1
서울,5호선,화곡,37.541585,126.840436,52425,16.0,0.38,0.62,9.0,0
서울,5호선,영등포구청,37.524209,126.895022,9214,24.0,0.33,0.67,12.0,0
서울,5호선,개롱,37.498097,127.134817,12264,8.0,0.38,0.62,6.0,0
경기,5호선,하남시청,37.541723,127.206901,15771,9.0,0.22,0.78,7.0,0
서울,5호선,마장,37.566066,127.042921,10578,3.0,0.0,1.0,3.0,3
서울,5호선,을지로4가,37.56728,126.998127,12071,15.0,0.4,0.6,9.0,0
서울,5호선,우장산,37.548864,126.83633,27621,10.0,0.3,0.7,7.0,0
경기,5호선,미사,37.56309,127.192954,34600,21.0,0.29,0.71,11.0,3
서울,5호선,왕십리,37.56197,127.037264,9714,25.0,0.36,0.64,13.0,0
서울,5호선,올림픽공원,37.516217,127.130957,9093,3.0,0.33,0.67,3.0,3
서울,5호선,오목교,37.524557,126.875049,41918,20.0,0.45,0.55,10.0,0
서울,5호선,오금,37.502228,127.127701,6851,3.0,0.0,1.0,3.0,3
서울,5호선,동대문역사문화공원,37.564682,127.00533,6348,23.0,0.43,0.57,9.0,0
서울,5호선,김포공항,37.56217,126.801273,21500,2.0,0.5,0.5,2.0,2
서울,6호선,연신내,37.618483,126.920403,2,21.0,0.24,0.76,9.0,0
서울,6호선,월드컵경기장,37.569439,126.899077,7907,2.0,0.0,1.0,2.0,3
서울,6호선,태릉입구,37.617319,127.074741,11097,17.0,0.41,0.59,9.0,0
서울,6호선,한강진,37.53956,127.001729,19550,0.0,0.0,0.0,0.0,2
서울,6호선,신내,37.612571,127.104326,1,5.0,0.0,1.0,4.0,3
서울,6호선,불광,37.610919,126.929504,8756,16.0,0.25,0.75,9.0,0
서울,6호선,버티고개,37.547933,127.006948,4210,0.0,0.0,0.0,0.0,2
서울,6호선,보문,37.585293,127.019377,14520,9.0,0.11,0.89,6.0,3
서울,6호선,봉화산,37.617429,127.0912326,15206,4.0,0.0,1.0,4.0,3
서울,6호선,석계,37.614937,127.065922,22825,9.0,0.22,0.78,5.0,3
서울,6호선,상수,37.547704,126.92292,21232,15.0,0.33,0.67,10.0,0
서울,6호선,상월곡,37.606392,127.048509,11085,4.0,0.0,1.0,3.0,3
서울,6호선,새절,37.591148,126.913613,22861,11.0,0.18,0.82,7.0,3
서울,6호선,화랑대,37.619875,127.084106,17952,4.0,0.25,0.75,3.0,3
서울,6호선,합정,37.549033,126.913546,25881,25.0,0.4,0.6,12.0,0
서울,6호선,삼각지,37.535563,126.973996,13537,5.0,0.2,0.8,4.0,3
서울,6호선,창신,37.579772,127.015246,5881,1.0,0.0,1.0,1.0,3
서울,6호선,청구,37.560221,127.013776,7056,7.0,0.14,0.86,5.0,3
서울,6호선,효창공원앞,37.539279,126.961348,13389,9.0,0.11,0.89,6.0,3
서울,6호선,동묘앞,37.572275,127.015666,17586,14.0,0.0,1.0,6.0,3
서울,6호선,돌곶이,37.610522,127.056419,21458,9.0,0.11,0.89,6.0,3
서울,6호선,광흥창,37.547464,126.931971,17309,7.0,0.43,0.57,6.0,0
서울,6호선,안암,37.586261,127.02903,21165,17.0,0.41,0.59,9.0,0
서울,6호선,신당,37.566174,127.016158,16689,18.0,0.17,0.83,8.0,0
서울,6호선,증산,37.583989,126.909785,8609,7.0,0.14,0.86,6.0,3
서울,6호선,응암,37.59859,126.915583,33471,17.0,0.29,0.71,8.0,0
서울,6호선,망원,37.556031,126.910129,33167,15.0,0.13,0.87,7.0,3
서울,6호선,이태원,37.534485,126.994369,23932,8.0,0.38,0.62,6.0,0
서울,6호선,약수,37.554087,127.010237,6860,9.0,0.22,0.78,5.0,3
서울,6호선,월곡,37.60192,127.041492,20870,8.0,0.38,0.62,6.0,0
서울,6호선,역촌,37.60605,126.922764,8073,7.0,0.14,0.86,5.0,3
서울,6호선,녹사평,37.53469,126.98665,10076,3.0,0.33,0.67,3.0,3
서울,6호선,디지털미디어시티,37.5760805,126.901343,27659,11.0,0.27,0.73,8.0,0
서울,6호선,공덕,37.543592,126.951664,35009,27.0,0.44,0.56,10.0,0
서울,6호선,고려대,37.59034,127.03626,15178,7.0,0.57,0.43,6.0,2
서울,6호선,구산,37.611196,126.9172519,14026,6.0,0.33,0.67,6.0,0
서울,6호선,대흥,37.547732,126.942214,17299,12.0,0.42,0.58,7.0,0
서울,6호선,마포구청,37.563529,126.903356,26328,10.0,0.4,0.6,8.0,0
서울,6호선,독바위,37.618413,126.933035,5083,1.0,0.0,1.0,1.0,3
경기,7호선,철산,37.47616,126.868217,42485,15.0,0.47,0.53,11.0,3
경기,7호선,춘의,37.50365,126.787069,18122,11.0,0.09,0.91,6.0,2
인천,7호선,산곡,37.508547,126.70351,18845,14.0,0.29,0.71,9.0,1
인천,7호선,삼산체육관,37.506431,126.742081,11338,3.0,0.0,1.0,3.0,0
인천,7호선,석남,37.506208,126.676213,14117,6.0,0.33,0.67,5.0,0
서울,7호선,먹골,37.610638,127.077719,19394,10.0,0.2,0.8,8.0,3
서울,7호선,온수,37.492059,126.823294,15929,4.0,0.25,0.75,4.0,3
서울,7호선,학동,37.514262,127.031738,42972,15.0,0.4,0.6,7.0,0
서울,7호선,건대입구,37.540882,127.071103,27315,30.0,0.4,0.6,11.0,0
경기,7호선,장암,37.70015,127.053126,3375,1.0,0.0,1.0,1.0,2
서울,7호선,하계,37.636363,127.067999,32304,8.0,0.12,0.88,6.0,3
경기,7호선,신중동,37.503081,126.776161,29483,21.0,0.38,0.62,10.0,3
서울,7호선,수락산,37.677804,127.055314,23054,10.0,0.2,0.8,8.0,3
경기,7호선,부천종합운동장,37.505381,126.79735,5280,0.0,0.0,0.0,0.0,1
경기,7호선,광명사거리,37.47927,126.854854,41610,16.0,0.25,0.75,10.0,3
경기,7호선,까치울,37.506236,126.81095,11360,0.0,0.0,0.0,0.0,1
인천,7호선,부평구청,37.507523,126.721356,12621,10.0,0.1,0.9,5.0,0
인천,7호선,굴포천,37.50695,126.731481,18404,17.0,0.24,0.76,11.0,1
서울,7호선,상도,37.50279,126.947949,21843,6.0,0.17,0.83,5.0,3
서울,7호선,총신대입구,37.485258,126.981766,38594,21.0,0.48,0.52,8.0,0
서울,7호선,신대방삼거리,37.499717,126.928218,27930,13.0,0.31,0.69,9.0,0
서울,7호선,어린이대공원,37.547962,127.07465,25738,13.0,0.46,0.54,7.0,0
경기,7호선,부천시청,37.504611,126.763561,27566,20.0,0.45,0.55,11.0,3
서울,7호선,상봉,37.595673,127.085708,34384,10.0,0.1,0.9,6.0,3
경기,7호선,상동,37.505769,126.753081,28720,27.0,0.37,0.63,13.0,3
서울,7호선,내방,37.48764,126.993541,27803,8.0,0.38,0.62,6.0,0
서울,7호선,신풍,37.500107,126.909806,22041,9.0,0.22,0.78,7.0,3
서울,7호선,대림,37.492984,126.896997,18031,7.0,0.43,0.57,6.0,0
서울,7호선,반포,37.508171,127.011717,12338,9.0,0.56,0.44,8.0,0
서울,7호선,숭실대입구,37.496258,126.953649,23106,9.0,0.33,0.67,7.0,0
서울,7호선,논현,37.511108,127.021385,36192,23.0,0.43,0.57,11.0,0
서울,7호선,사가정,37.580912,127.088502,30076,12.0,0.33,0.67,8.0,0
서울,7호선,청담,37.519097,127.051851,35210,10.0,0.6,0.4,7.0,0
서울,7호선,천왕,37.486699,126.838684,20980,4.0,0.25,0.75,4.0,3
서울,7호선,태릉입구,37.618519,127.075361,15146,12.0,0.42,0.58,7.0,0
서울,7호선,중곡,37.565877,127.084291,20159,12.0,0.25,0.75,9.0,0
서울,7호선,장승배기,37.504845,126.939025,18223,10.0,0.3,0.7,8.0,0
서울,7호선,자양,37.531558,127.066714,15912,5.0,0.2,0.8,4.0,3
서울,7호선,용마산,37.573752,127.086802,10796,6.0,0.17,0.83,5.0,3
서울,7호선,남구로,37.486181,126.887372,28653,9.0,0.0,1.0,5.0,3
서울,7호선,중계,37.645052,127.064084,25828,2.0,0.0,1.0,2.0,3
서울,7호선,고속터미널,37.503387,127.005055,32167,28.0,0.54,0.46,11.0,1
서울,7호선,도봉산,37.689131,127.046548,16761,3.0,0.33,0.67,3.0,3
서울,7호선,중화,37.602604,127.079254,20604,9.0,0.11,0.89,6.0,3
서울,7호선,면목,37.588671,127.087503,26862,8.0,0.12,0.88,7.0,3
서울,7호선,노원,37.654478,127.060555,40442,27.0,0.44,0.56,11.0,1
서울,7호선,군자,37.557151,127.079484,26542,11.0,0.27,0.73,7.0,0
서울,7호선,마들,37.664985,127.057701,24253,8.0,0.25,0.75,7.0,3
서울,7호선,강남구청,37.517185,127.04122,31691,13.0,0.54,0.46,9.0,0
서울,7호선,보라매,37.499916,126.920112,12658,14.0,0.14,0.86,6.0,3
서울,7호선,남성,37.484688,126.971108,20396,9.0,0.11,0.89,6.0,3
서울,7호선,공릉,37.625642,127.072969,22886,14.0,0.21,0.79,9.0,0
서울,7호선,가산디지털단지,37.480376,126.882704,77223,43.0,0.35,0.65,11.0,1
경기,8호선,단대오거리,37.445057,127.156735,21695,12.0,0.25,0.75,9.0,0
서울,8호선,암사,37.550127,127.127521,29347,11.0,0.27,0.73,9.0,0
서울,8호선,송파,37.49978,127.11212,18868,8.0,0.12,0.88,6.0,3
서울,8호선,몽촌토성,37.517692,127.11274,14994,17.0,0.41,0.59,11.0,0
서울,8호선,복정,37.471016,127.126746,16102,0.0,0.0,0.0,0.0,2
서울,8호선,강동구청,37.530348,127.120461,20571,15.0,0.27,0.73,10.0,0
서울,8호선,가락시장,37.493004,127.118279,17537,12.0,0.5,0.5,7.0,0
경기,8호선,모란,37.433988,127.129921,8803,8.0,0.5,0.5,6.0,0
서울,8호선,석촌,37.505396,127.106995,19020,16.0,0.31,0.69,9.0,0
서울,8호선,암사역사공원,37.557167,127.137556,11743,3.0,0.0,1.0,2.0,3
서울,8호선,잠실,37.514649,127.104267,43166,27.0,0.37,0.63,12.0,1
경기,8호선,신흥,37.440952,127.14759,10553,7.0,0.29,0.71,5.0,0
경기,8호선,산성,37.456886,127.149927,11455,2.0,0.0,1.0,2.0,2
서울,8호선,문정,37.485931,127.122473,43209,22.0,0.36,0.64,8.0,0
서울,8호선,천호,37.53792,127.123179,37268,19.0,0.32,0.68,10.0,0
경기,8호선,남위례,37.462839,127.139047,14066,7.0,0.29,0.71,7.0,0
서울,8호선,장지,37.478609,127.126229,31694,14.0,0.5,0.5,9.0,0
경기,8호선,다산,37.62437,127.1498,19230,18.0,0.22,0.78,11.0,3
경기,8호선,별내,37.642517,127.1273,14934,7.0,0.14,0.86,6.0,2
경기,8호선,수진,37.437575,127.140936,10044,8.0,0.25,0.75,5.0,0
경기,8호선,남한산성입구,37.451568,127.159845,21388,6.0,0.0,1.0,3.0,2
서울,9호선,노들,37.512726,126.953096,8401,1.0,0.0,1.0,1.0,3
서울,9호선,송파나루,37.51055,127.112451,12636,10.0,0.2,0.8,7.0,3
서울,9호선,한성백제,37.516369,127.116211,5998,13.0,0.54,0.46,9.0,0
서울,9호선,종합운동장,37.511156,127.076917,13574,7.0,0.57,0.43,5.0,2
서울,9호선,중앙보훈병원,37.528807,127.148488,21602,3.0,0.0,1.0,3.0,3
서울,9호선,마곡나루,37.566717,126.8276071,28266,20.0,0.45,0.55,11.0,0
서울,9호선,증미,37.55785,126.861067,14676,15.0,0.2,0.8,6.0,3
서울,9호선,신논현,37.504444,127.024417,62453,34.0,0.5,0.5,10.0,1
서울,9호선,언주,37.507287,127.033868,22481,12.0,0.25,0.75,5.0,3
서울,9호선,신반포,37.505933,127.004044,8788,31.0,0.55,0.45,12.0,0
서울,9호선,가양,37.561111,126.855078,40957,17.0,0.35,0.65,8.0,0
서울,9호선,양천향교,37.568333,126.841389,20497,15.0,0.27,0.73,9.0,0
서울,9호선,여의도,37.521744,126.924167,55734,35.0,0.66,0.34,9.0,1
서울,9호선,염창,37.546944,126.874722,33297,13.0,0.31,0.69,9.0,0
서울,9호선,올림픽공원,37.516111,127.130333,16686,3.0,0.33,0.67,3.0,3
서울,9호선,신방화,37.5675,126.816667,12997,10.0,0.3,0.7,7.0,0
서울,9호선,당산,37.533844,126.902222,36060,18.0,0.39,0.61,9.0,0
서울,9호선,신목동,37.544167,126.883056,7993,0.0,0.0,0.0,0.0,2
서울,9호선,삼전,37.504531,127.087211,16366,12.0,0.42,0.58,8.0,0
서울,9호선,등촌,37.551111,126.864722,23895,16.0,0.31,0.69,10.0,0
서울,9호선,사평,37.504161,127.015219,7656,8.0,0.5,0.5,7.0,0
서울,9호선,선유도,37.537778,126.893889,16598,13.0,0.15,0.85,7.0,3
서울,9호선,석촌고분,37.502439,127.096611,14623,12.0,0.33,0.67,8.0,0
서울,9호선,선정릉,37.51028,127.0437593,19264,10.0,0.5,0.5,5.0,0
서울,9호선,샛강,37.5173,126.9284,12224,15.0,0.47,0.53,8.0,0
서울,9호선,개화,37.578611,126.798333,3758,0.0,0.0,0.0,0.0,2
서울,9호선,고속터미널,37.505933,127.004044,34607,31.0,0.55,0.45,12.0,1
서울,9호선,구반포,37.501389,126.987222,3765,1.0,1.0,0.0,1.0,2
서울,9호선,국회의사당,37.528611,126.9175,32874,26.0,0.42,0.58,10.0,0
서울,9호선,공항시장,37.563611,126.810278,5494,9.0,0.33,0.67,7.0,0
서울,9호선,노량진,37.513667,126.940917,52358,18.0,0.28,0.72,9.0,0
서울,9호선,흑석,37.508889,126.963611,17152,8.0,0.25,0.75,8.0,0
서울,9호선,김포공항,37.562056,126.801633,17079,2.0,0.5,0.5,2.0,2
서울,9호선,동작,37.502878,126.978278,3747,0.0,0.0,0.0,0.0,2
서울,9호선,둔촌오륜,37.519339,127.138619,8373,0.0,0.0,0.0,0.0,2
서울,9호선,삼성중앙,37.513011,127.053282,15229,12.0,0.75,0.25,5.0,2
서울,9호선,봉은사,37.514219,127.060245,42787,17.0,0.76,0.24,11.0,1
서울,9호선,석촌,37.505078,127.106944,17902,15.0,0.27,0.73,9.0,0
경기,경강선,초월,37.373389,127.299996,6559,3.0,0.33,0.67,3.0,2
경기,경강선,판교,37.394798,127.111135,10924,17.0,0.71,0.29,8.0,0
경기,경강선,부발,37.260411,127.490303,4414,0.0,0.0,0.0,0.0,1
경기,경강선,곤지암,37.350525,127.346186,4094,2.0,0.0,1.0,2.0,2
경기,경강선,삼동,37.408731,127.203447,4126,1.0,0.0,1.0,1.0,2
경기,경강선,경기광주,37.398974,127.253201,14376,2.0,0.0,1.0,2.0,2
경기,경강선,세종대왕릉,37.293636,127.570764,588,0.0,0.0,0.0,0.0,1
경기,경강선,신둔도예촌,37.315499,127.405251,2577,0.0,0.0,0.0,0.0,1
경기,경강선,여주,37.282881,127.628571,5389,0.0,0.0,0.0,0.0,1
경기,경강선,이천,37.264222,127.442135,5664,1.0,1.0,0.0,1.0,0
경기,경강선,이매,37.394736,127.127048,1737,4.0,0.25,0.75,3.0,2
경기,경강선,성남,37.394709,127.11949,2379,1.0,1.0,0.0,1.0,0
경기,경의중앙선,탄현,37.694114,126.761075,13489,9.0,0.56,0.44,8.0,0
경기,경의중앙선,임진강,37.888364,126.746777,25,0.0,0.0,0.0,0.0,1
경기,경의중앙선,풍산,37.672173,126.786355,11345,5.0,0.4,0.6,5.0,0
경기,경의중앙선,한국항공대,37.603102,126.868291,2991,0.0,0.0,0.0,0.0,1
경기,경의중앙선,행신,37.612125,126.834063,13685,6.0,0.33,0.67,6.0,0
서울,경의중앙선,응봉,37.550433,127.034824,3046,1.0,0.0,1.0,1.0,3
서울,경의중앙선,용산,37.52989,126.964775,93127,30.0,0.47,0.53,12.0,1
서울,경의중앙선,왕십리,37.561728,127.038405,32201,20.0,0.4,0.6,13.0,0
서울,경의중앙선,한남,37.529361,127.008984,6892,3.0,0.33,0.67,3.0,3
서울,경의중앙선,청량리,37.580543,127.048077,34933,12.0,0.33,0.67,8.0,0
서울,경의중앙선,이촌,37.522476,126.973816,6723,7.0,0.43,0.57,3.0,2
서울,경의중앙선,서빙고,37.51961,126.988358,4117,0.0,0.0,0.0,0.0,2
경기,경의중앙선,팔당,37.547321,127.243896,1386,1.0,0.0,1.0,1.0,2
서울,경의중앙선,서강대,37.552132,126.935389,3914,18.0,0.61,0.39,9.0,0
경기,경의중앙선,원덕,37.468585,127.547468,563,0.0,0.0,0.0,0.0,1
서울,경의중앙선,서울역,37.556713,126.971387,6532,29.0,0.48,0.52,12.0,0
경기,경의중앙선,지평,37.476496,127.629681,86,0.0,0.0,0.0,0.0,1
서울,경의중앙선,양원,36.963729,129.091321,5375,0.0,0.0,0.0,0.0,2
서울,경의중앙선,중랑,37.594948,127.076152,10357,8.0,0.38,0.62,7.0,0
서울,경의중앙선,수색,37.580855,126.895681,5909,13.0,0.46,0.54,7.0,0
서울,경의중앙선,상봉,37.596754,127.085553,10933,10.0,0.1,0.9,6.0,3
서울,경의중앙선,회기,37.589802,127.057936,46135,11.0,0.27,0.73,8.0,0
경기,경의중앙선,파주,37.815391,126.792426,1748,1.0,0.0,1.0,1.0,2
서울,경의중앙선,효창공원앞,37.538789,126.962339,6158,9.0,0.11,0.89,6.0,3
경기,경의중앙선,월롱,37.796201,126.792574,3124,1.0,0.0,1.0,1.0,2
서울,경의중앙선,청량리,37.580043,127.047588,0,13.0,0.31,0.69,8.0,0
서울,경의중앙선,디지털미디어시티,37.577964,126.900421,4656,11.0,0.27,0.73,8.0,0
경기,경의중앙선,일산,37.682231,126.769521,18011,9.0,0.22,0.78,6.0,0
서울,경의중앙선,망우,37.599288,127.092318,14295,15.0,0.4,0.6,10.0,0
서울,경의중앙선,공덕,37.542611,126.952134,7118,24.0,0.42,0.58,10.0,0
서울,경의중앙선,광운대,37.623635,127.061975,14198,12.0,0.33,0.67,7.0,0
서울,경의중앙선,가좌,37.568611,126.914841,11092,6.0,0.33,0.67,5.0,3
서울,경의중앙선,홍대입구,37.55758,126.926833,4808,31.0,0.52,0.48,11.0,0
경기,경의중앙선,운천,37.880008,126.769713,9,0.0,0.0,0.0,0.0,1
서울,경의중앙선,신촌,37.559768,126.942308,1934,28.0,0.39,0.61,13.0,0
경기,경의중앙선,운길산,37.554659,127.310089,927,0.0,0.0,0.0,0.0,1
경기,경의중앙선,덕소,37.586892,127.208835,9852,5.0,0.0,1.0,4.0,2
서울,경의중앙선,옥수,37.540514,127.018698,81,2.0,0.5,0.5,2.0,2
경기,경의중앙선,능곡,37.618741,126.820845,7661,1.0,0.0,1.0,1.0,2
경기,경의중앙선,금촌,37.766106,126.774515,11522,9.0,0.22,0.78,7.0,0
경기,경의중앙선,금릉,37.751295,126.765401,8715,7.0,0.29,0.71,7.0,0
경기,경의중앙선,국수,37.516171,127.399402,1148,0.0,0.0,0.0,0.0,1
경기,경의중앙선,구리,37.60326,127.143373,14308,20.0,0.3,0.7,10.0,3
경기,경의중앙선,곡산,37.645729,126.801877,966,0.0,0.0,0.0,0.0,1
경기,경의중앙선,운정,37.725441,126.767076,13067,8.0,0.38,0.62,6.0,0
경기,경의중앙선,문산,37.854565,126.787531,10148,7.0,0.14,0.86,6.0,2
경기,경의중앙선,도농,37.608756,127.161105,16306,8.0,0.38,0.62,6.0,0
경기,경의중앙선,강매,37.612396,126.844537,5368,0.0,0.0,0.0,0.0,1
경기,경의중앙선,오빈,37.506061,127.474053,522,0.0,0.0,0.0,0.0,1
경기,경의중앙선,용문,37.482085,127.594251,3599,4.0,0.0,1.0,4.0,2
경기,경의중앙선,도심,37.579628,127.222798,4501,4.0,0.25,0.75,4.0,2
경기,경의중앙선,백마,37.658346,126.794401,12955,0.0,0.0,0.0,0.0,1
경기,경의중앙선,양수,37.545998,127.328948,2854,1.0,1.0,0.0,1.0,0
경기,경의중앙선,아신,37.513954,127.443238,910,0.0,0.0,0.0,0.0,1
경기,경의중앙선,야당,37.712749,126.761535,14358,12.0,0.33,0.67,10.0,0
경기,경의중앙선,대곡,37.631629,126.810225,18913,0.0,0.0,0.0,0.0,1
경기,경의중앙선,양평,37.492674,127.491858,5907,10.0,0.3,0.7,9.0,0
경기,경의중앙선,양정,37.604269,127.194602,24097,0.0,0.0,0.0,0.0,1
경기,경의중앙선,신원,37.525921,127.372745,265,0.0,0.0,0.0,0.0,1
경기,경춘선,천마산,37.658995,127.285731,2738,0.0,0.0,0.0,0.0,1
경기,경춘선,청평,37.735484,127.426541,3012,0.0,0.0,0.0,0.0,1
경기,경춘선,금곡,37.637414,127.207931,4113,3.0,0.0,1.0,3.0,2
서울,경춘선,망우,37.599988,127.092031,14295,15.0,0.4,0.6,10.0,0
경기,경춘선,갈매,37.634135,127.114803,4673,10.0,0.4,0.6,9.0,0
경기,경춘선,평내호평,37.653229,127.244452,11133,15.0,0.4,0.6,12.0,0
서울,경춘선,신내,37.612855,127.103277,5033,5.0,0.0,1.0,4.0,3
경기,경춘선,사릉,37.651145,127.176839,3553,1.0,1.0,0.0,1.0,0
경기,경춘선,별내,37.642221,127.127208,4188,7.0,0.14,0.86,6.0,2
경기,경춘선,마석,37.652328,127.311713,6972,5.0,0.2,0.8,5.0,2
경기,경춘선,대성리,37.683909,127.379165,1008,0.0,0.0,0.0,0.0,1
경기,경춘선,퇴계원,37.648316,127.143858,5844,5.0,0.0,1.0,4.0,2
경기,경춘선,상천,37.770305,127.4542,385,0.0,0.0,0.0,0.0,1
경기,경춘선,가평,37.814515,127.510693,3325,2.0,0.5,0.5,2.0,0
경기,김포골드라인,운양,37.653861,126.683833,9872,11.0,0.45,0.55,11.0,0
서울,김포골드라인,김포공항,37.562309,126.801833,3054,2.0,0.5,0.5,2.0,2
경기,김포골드라인,풍무,37.612333,126.732583,9976,9.0,0.33,0.67,9.0,0
경기,김포골드라인,장기,37.644028,126.669,14398,11.0,0.27,0.73,9.0,0
경기,김포골드라인,걸포북변,37.631639,126.70575,8741,7.0,0.29,0.71,6.0,0
경기,김포골드라인,고촌,37.60125,126.770361,10196,6.0,0.17,0.83,4.0,2
경기,김포골드라인,마산,37.640606,126.643944,5059,5.0,0.4,0.6,5.0,0
경기,김포골드라인,사우,37.620361,126.719722,13497,15.0,0.33,0.67,13.0,3
경기,김포골드라인,양촌,37.641639,126.614694,723,4.0,0.25,0.75,4.0,2
경기,김포골드라인,구래,37.645354,126.6285,17404,18.0,0.33,0.67,13.0,3
경기,서해선,신현,37.4091399,126.78788,2698,2.0,0.0,1.0,2.0,2
경기,서해선,부천종합운동장,37.505852,126.797498,5013,0.0,0.0,0.0,0.0,1
경기,서해선,선부,37.33459,126.81,7845,16.0,0.44,0.56,11.0,0
경기,서해선,소사,37.482755,126.7950654,11331,13.0,0.23,0.77,9.0,0
경기,서해선,소새울,37.4685046,126.797228,5206,5.0,0.2,0.8,5.0,2
경기,서해선,시우,37.3130967,126.795503,1908,3.0,0.0,1.0,3.0,2
경기,서해선,시흥대야,37.4504787,126.793142,5974,5.0,0.0,1.0,4.0,2
경기,서해선,신천,37.4391147,126.786835,12769,12.0,0.25,0.75,7.0,0
경기,서해선,백마,37.658346,126.794401,12955,0.0,0.0,0.0,0.0,1
경기,서해선,능곡,37.618741,126.820845,7661,1.0,0.0,1.0,1.0,2
경기,서해선,시흥능곡,37.3699903,126.808594,7034,13.0,0.23,0.77,11.0,0
경기,서해선,초지,37.320083,126.808051,8574,2.0,0.0,1.0,2.0,2
경기,서해선,풍산,37.672173,126.786355,11345,5.0,0.4,0.6,5.0,0
서울,서해선,김포공항,37.5621179,126.804056,7661,2.0,0.5,0.5,2.0,2
경기,서해선,시흥시청,37.3814109,126.805946,5862,6.0,0.17,0.83,6.0,2
경기,서해선,원시,37.302654,126.7867897,3778,3.0,0.0,1.0,3.0,2
경기,서해선,달미,37.3490003,126.809318,2835,0.0,0.0,0.0,0.0,1
경기,서해선,일산,37.682231,126.769521,18011,9.0,0.22,0.78,6.0,0
경기,서해선,대곡,37.631629,126.809802,18913,0.0,0.0,0.0,0.0,1
경기,서해선,곡산,37.645729,126.801877,966,0.0,0.0,0.0,0.0,1
경기,서해선,원종,37.5240628,126.8048386,9310,9.0,0.11,0.89,7.0,2
서울,수인분당선,구룡,37.486985,127.059496,6198,1.0,1.0,0.0,1.0,2
서울,수인분당선,대모산입구,37.491347,127.072702,10435,3.0,0.0,1.0,3.0,3
서울,수인분당선,도곡,37.490914,127.055393,13715,5.0,0.6,0.4,4.0,2
서울,수인분당선,복정,37.469753,127.126627,3,0.0,0.0,0.0,0.0,2
서울,수인분당선,서울숲,37.543647,127.044686,21072,15.0,0.33,0.67,6.0,0
서울,수인분당선,선릉,37.504479,127.048941,29310,35.0,0.43,0.57,13.0,1
서울,수인분당선,왕십리,37.5610128,127.038705,0,20.0,0.4,0.6,13.0,0
서울,수인분당선,수서,37.487633,127.101118,34021,13.0,0.54,0.46,10.0,0
서울,수인분당선,압구정로데오,37.527385,127.040555,38264,10.0,0.6,0.4,6.0,0
인천,수인분당선,남동인더스파크,37.407668,126.695613,4034,7.0,0.0,1.0,5.0,0
서울,수인분당선,한티,37.496208,127.052883,32625,13.0,0.62,0.38,10.0,0
서울,수인분당선,강남구청,37.516572,127.041575,19095,13.0,0.54,0.46,9.0,0
서울,수인분당선,선정릉,37.510775,127.043717,13676,11.0,0.55,0.45,6.0,0
서울,수인분당선,개포동,37.489112,127.066027,8018,3.0,0.0,1.0,3.0,3
인천,수인분당선,인하대,37.448191,126.649832,11156,7.0,0.57,0.43,6.0,0
인천,수인분당선,송도,37.429714,126.654486,4352,1.0,0.0,1.0,1.0,0
인천,수인분당선,숭의,37.460891,126.638035,7628,5.0,0.2,0.8,4.0,0
인천,수인분당선,신포,37.468442,126.624509,3070,9.0,0.22,0.78,8.0,0
인천,수인분당선,연수,37.417769,126.678991,8575,16.0,0.31,0.69,11.0,1
인천,수인분당선,원인재,37.412921,126.686952,7958,0.0,0.0,0.0,0.0,2
경기,수인분당선,모란,37.432124,127.129064,38158,9.0,0.44,0.56,7.0,3
인천,수인분당선,인천논현,37.400641,126.722495,10080,19.0,0.37,0.63,11.0,1
인천,수인분당선,인천,37.476364,126.6174236,2283,5.0,0.0,1.0,4.0,0
인천,수인분당선,호구포,37.401622,126.708682,7030,9.0,0.11,0.89,7.0,0
경기,수인분당선,가천대,37.448784,127.126677,14415,9.0,0.44,0.56,9.0,0
경기,수인분당선,구성,37.299013,127.105664,13753,4.0,0.25,0.75,4.0,2
경기,수인분당선,기흥,37.275657,127.115944,17705,8.0,0.25,0.75,7.0,0
경기,수인분당선,망포,37.245793,127.057367,26878,14.0,0.21,0.79,9.0,3
경기,수인분당선,미금,37.350078,127.108952,28836,14.0,0.36,0.64,10.0,3
경기,수인분당선,매탄권선,37.252458,127.040824,9522,1.0,0.0,1.0,1.0,2
인천,수인분당선,소래포구,37.400963,126.733533,8680,7.0,0.29,0.71,5.0,0
경기,수인분당선,중앙,37.316055,126.838532,34949,20.0,0.5,0.5,11.0,3
경기,수인분당선,매교,37.265502,127.015657,9175,6.0,0.33,0.67,6.0,0
경기,수인분당선,안산,37.327006,126.788748,21189,6.0,0.0,1.0,4.0,2
경기,수인분당선,야목,37.261211,126.884029,1171,0.0,0.0,0.0,0.0,1
경기,수인분당선,수원,37.266162,127.000082,14721,21.0,0.57,0.43,11.0,3
경기,수인분당선,보정,37.31274,127.108219,4237,1.0,0.0,1.0,1.0,2
경기,수인분당선,달월,37.379993,126.745431,137,0.0,0.0,0.0,0.0,1
경기,수인분당선,서현,37.384931,127.123249,45713,23.0,0.52,0.48,9.0,3
경기,수인분당선,상갈,37.261797,127.108718,9003,1.0,0.0,1.0,1.0,2
경기,수인분당선,어천,37.250076,126.908805,2613,0.0,0.0,0.0,0.0,1
경기,수인분당선,고색,37.249829,126.9805899,9643,2.0,0.0,1.0,2.0,2
경기,수인분당선,초지,37.320583,126.806151,8574,4.0,0.0,1.0,4.0,2
경기,수인분당선,수내,37.378435,127.114216,24838,18.0,0.39,0.61,10.0,3
경기,수인분당선,고잔,37.316821,126.823094,15674,11.0,0.18,0.82,7.0,0
경기,수인분당선,신갈,37.286127,127.111311,8569,4.0,0.25,0.75,4.0,2
경기,수인분당선,월곶,37.39189,126.742741,4964,6.0,0.17,0.83,4.0,2
경기,수인분당선,한대앞,37.309985,126.853506,16177,13.0,0.31,0.69,11.0,0
경기,수인분당선,수원시청,37.261941,127.030736,27128,25.0,0.44,0.56,12.0,3
경기,수인분당선,정왕,37.351816,126.742844,16001,4.0,0.0,1.0,4.0,2
경기,수인분당선,오목천,37.243011,126.9636354,6377,7.0,0.14,0.86,7.0,2
경기,수인분당선,능길,37.337488,126.767306,0,0.0,0.0,0.0,0.0,1
경기,수인분당선,오이도,37.361773,126.738437,13306,0.0,0.0,0.0,0.0,1
경기,수인분당선,태평,37.439842,127.127746,24498,9.0,0.22,0.78,7.0,0
경기,수인분당선,죽전,37.324575,127.107385,24623,5.0,0.8,0.2,3.0,0
경기,수인분당선,청명,37.259485,127.078945,8195,0.0,0.0,0.0,0.0,1
경기,수인분당선,이매,37.395846,127.128272,9770,2.0,0.0,1.0,2.0,2
경기,수인분당선,오리,37.339832,127.108985,19137,13.0,0.46,0.54,9.0,0
경기,수인분당선,영통,37.251521,127.071341,16552,12.0,0.33,0.67,9.0,0
경기,수인분당선,야탑,37.41132,127.128661,48579,26.0,0.42,0.58,13.0,3
경기,수인분당선,사리,37.290809,126.857172,8279,2.0,0.0,1.0,1.0,2
경기,수인분당선,정자,37.366037,127.108091,35462,16.0,0.19,0.81,8.0,3
서울,신림선,서울대벤처타운,37.47204068,126.933976556,18993,15.0,0.2,0.8,9.0,0
서울,신림선,보라매병원,37.4929607,126.923886,15538,14.0,0.5,0.5,12.0,0
서울,신림선,보라매공원,37.495225405,126.918258811,4620,6.0,0.17,0.83,5.0,3
서울,신림선,보라매,37.500312709,126.920485864,8326,12.0,0.17,0.83,6.0,3
서울,신림선,샛강,37.517219937,126.929403964,5934,17.0,0.47,0.53,9.0,0
서울,신림선,서원,37.47827336,126.933228219,6718,6.0,0.17,0.83,5.0,3
서울,신림선,서울지방병무청,37.50604687,126.922783404,6552,5.0,0.4,0.6,5.0,0
서울,신림선,신림,37.484890755,126.92960992,5096,24.0,0.33,0.67,12.0,0
서울,신림선,관악산,37.46916896,126.944954837,5157,8.0,0.5,0.5,7.0,0
서울,신림선,대방,37.512840166,126.925316781,5748,6.0,0.33,0.67,5.0,3
서울,신림선,당곡,37.490039105,126.927568759,9538,21.0,0.43,0.57,12.0,0
경기,신분당선,상현,37.29808526,127.0694799,16978,10.0,0.3,0.7,9.0,0
서울,신분당선,양재시민의숲,37.47096388,127.0384203,22675,5.0,0.2,0.8,5.0,3
경기,신분당선,성복,37.31374251,127.08057578,30516,9.0,0.33,0.67,6.0,0
경기,신분당선,광교,37.30173474,127.0448561,5650,10.0,0.4,0.6,9.0,0
경기,신분당선,수지구청,37.32250096,127.09477813,27488,14.0,0.29,0.71,9.0,3
경기,신분당선,정자,37.36750101,127.1084859,14903,19.0,0.37,0.63,8.0,3
경기,신분당선,판교,37.39501475,127.1112107,61753,17.0,0.71,0.29,8.0,3
서울,신분당선,청계산입구,37.44871485,127.0543396,8323,3.0,0.33,0.67,3.0,3
서울,신분당선,논현,37.5108115,127.0213658,9756,22.0,0.41,0.59,10.0,0
서울,신분당선,신사,37.51612526,127.0197609,15350,19.0,0.42,0.58,10.0,0
서울,신분당선,신논현,37.50405543,127.0247306,21891,34.0,0.5,0.5,10.0,1
서울,신분당선,강남,37.49738544,127.0278789,39771,50.0,0.54,0.46,13.0,1
경기,신분당선,미금,37.35058332,127.1088028,25382,14.0,0.36,0.64,10.0,3
경기,신분당선,동천,37.338068413,127.1028937,17571,11.0,0.27,0.73,6.0,0
경기,신분당선,광교중앙,37.2884537,127.051609,22240,20.0,0.35,0.65,9.0,3
서울,신분당선,양재,37.48445352,127.0340995,17877,25.0,0.36,0.64,10.0,0
경기,에버라인,둔전,37.26721222,127.2136387,3703,5.0,0.2,0.8,4.0,2
경기,에버라인,강남대,37.27017073,127.1260669,2897,7.0,0.43,0.57,6.0,0
경기,에버라인,고진,37.24463834,127.2141836,2027,3.0,0.0,1.0,2.0,2
경기,에버라인,기흥,37.27545288,127.1170465,4276,8.0,0.25,0.75,7.0,0
경기,에버라인,김량장,37.23732377,127.1986109,3502,3.0,0.33,0.67,3.0,2
경기,에버라인,동백,37.26910138,127.1526906,6043,6.0,0.0,1.0,5.0,2
경기,에버라인,보평,37.25896427,127.2184808,2314,1.0,0.0,1.0,1.0,2
경기,에버라인,지석,37.26973732,127.1363256,2330,1.0,0.0,1.0,1.0,2
경기,에버라인,삼가,37.24205993,127.16818,2125,3.0,0.67,0.33,3.0,0
경기,에버라인,어정,37.27495132,127.1437499,2923,2.0,0.5,0.5,2.0,0
경기,에버라인,용인중앙시장,37.2379113,127.2090526,5623,9.0,0.33,0.67,8.0,0
경기,에버라인,전대·에버랜드,37.28541327,127.219509,2272,3.0,0.0,1.0,3.0,2
경기,에버라인,초당,37.26080647,127.1594692,2014,1.0,0.0,1.0,1.0,2
경기,에버라인,시청·용인대,37.23944203,127.1788851,3355,1.0,0.0,1.0,1.0,2
경기,에버라인,명지대,37.23807629,127.1902913,3861,3.0,0.0,1.0,3.0,2
서울,우이신설선,삼양,37.62706,127.01817,4824,5.0,0.0,1.0,4.0,3
서울,우이신설선,북한산우이,37.66284,127.01272,5002,2.0,0.5,0.5,2.0,2
서울,우이신설선,4.19민주묘지,37.64954,127.01371,5521,8.0,0.38,0.62,7.0,0
서울,우이신설선,가오리,37.64162,127.01681,8138,3.0,0.0,1.0,3.0,3
서울,우이신설선,보문,37.58551,127.01939,3491,9.0,0.11,0.89,6.0,3
서울,우이신설선,북한산보국문,37.61233,127.00816,11256,4.0,0.0,1.0,3.0,3
서울,우이신설선,삼양사거리,37.62144,127.02049,5100,9.0,0.22,0.78,6.0,3
서울,우이신설선,솔밭공원,37.65607,127.01326,4794,4.0,0.25,0.75,3.0,3
서울,우이신설선,솔샘,37.62037,127.01357,10705,2.0,0.0,1.0,2.0,3
서울,우이신설선,신설동,37.57659,127.023221,4534,14.0,0.21,0.79,8.0,3
서울,우이신설선,정릉,37.60278,127.01345,8559,7.0,0.14,0.86,5.0,3
서울,우이신설선,화계,37.63428,127.0175,6811,6.0,0.33,0.67,4.0,3
서울,우이신설선,성신여대입구,37.59247,127.01656,7819,24.0,0.25,0.75,10.0,0
경기,의정부,의정부중앙,37.74371903,127.0496332,7018,13.0,0.15,0.85,8.0,0
경기,의정부,흥선,37.74322487,127.0371765,4295,4.0,0.0,1.0,3.0,2
경기,의정부,어룡,37.74272184,127.0852045,4477,6.0,0.17,0.83,5.0,2
경기,의정부,효자,37.75398452,127.0773155,1762,4.0,0.0,1.0,3.0,2
경기,의정부,발곡,37.726983,127.052889,5894,9.0,0.22,0.78,7.0,0
경기,의정부,회룡,37.72505255,127.0467864,19163,17.0,0.24,0.76,10.0,3
경기,의정부,의정부시청,37.73924874,127.034854,3323,4.0,0.0,1.0,4.0,2
경기,의정부,새말,37.74889941,127.063869,3021,5.0,0.0,1.0,3.0,2
경기,의정부,경기도청북부청사,37.75073213,127.0714795,5742,11.0,0.18,0.82,8.0,0
경기,의정부,경전철의정부,37.73729974,127.043321,5473,17.0,0.47,0.53,11.0,0
경기,의정부,곤제,37.75054343,127.0838651,2430,4.0,0.0,1.0,4.0,2
경기,의정부,동오,37.74519123,127.05703,4525,7.0,0.0,1.0,4.0,2
경기,의정부,탑석,37.73355362,127.0889064,2887,7.0,0.0,1.0,4.0,2
경기,의정부,송산,37.7371698,127.0872755,4031,7.0,0.14,0.86,6.0,2
경기,의정부,범골,37.7287279,127.0437202,5080,6.0,0.0,1.0,4.0,2
인천,인천국제공항선,계양,37.57160721,126.736023,16743,0.0,0.0,0.0,0.0,2
서울,인천국제공항선,홍대입구,37.55774103,126.9264939,31080,31.0,0.52,0.48,11.0,1
인천,인천국제공항선,인천공항1터미널,37.44760672,126.4523433,27320,2.0,1.0,0.0,1.0,3
인천,인천국제공항선,인천공항2터미널,37.46866,126.433415,18520,13.0,0.85,0.15,6.0,3
인천,인천국제공항선,청라국제도시,37.556509,126.624725,13840,0.0,0.0,0.0,0.0,2
인천,인천국제공항선,영종,37.51209814,126.5242471,8487,0.0,0.0,0.0,0.0,2
인천,인천국제공항선,운서,37.49284463,126.4936619,19570,11.0,0.27,0.73,8.0,1
인천,인천국제공항선,공항화물청사,37.45902611,126.4774333,3958,0.0,0.0,0.0,0.0,2
서울,인천국제공항선,공덕,37.54284055,126.9513301,7003,26.0,0.42,0.58,10.0,0
서울,인천국제공항선,김포공항,37.56211652,126.8015442,14855,2.0,0.5,0.5,2.0,2
서울,인천국제공항선,디지털미디어시티,37.577355,126.898025,25815,12.0,0.25,0.75,8.0,0
서울,인천국제공항선,서울역,37.55301784,126.9697643,24957,20.0,0.35,0.65,10.0,0
인천,인천국제공항선,검암,37.56915547,126.6735357,11092,8.0,0.38,0.62,7.0,0
서울,인천국제공항선,마곡나루,37.56581914,126.8276358,26346,20.0,0.45,0.55,11.0,0
인천,인천지하철 1호선,동수,37.485409,126.718464,8916,3.0,0.0,1.0,2.0,0
인천,인천지하철 1호선,인천대입구,37.386239,126.639351,13019,15.0,0.47,0.53,10.0,1
인천,인천지하철 1호선,신검단중앙,37.6026,126.698611,9510,5.0,0.2,0.8,5.0,0
인천,인천지하철 1호선,신연수,37.418032,126.693853,8656,2.0,0.0,1.0,2.0,0
인천,인천지하철 1호선,아라,37.592222,126.713333,18545,23.0,0.26,0.74,11.0,1
인천,인천지하철 1호선,원인재,37.412364,126.687893,4685,0.0,0.0,0.0,0.0,2
인천,인천지하철 1호선,인천터미널,37.441917,126.699727,24291,15.0,0.53,0.47,9.0,1
인천,인천지하철 1호선,작전,37.530271,126.722548,25820,14.0,0.29,0.71,10.0,1
인천,인천지하철 1호선,임학,37.545058,126.738642,13995,8.0,0.12,0.88,6.0,0
인천,인천지하철 1호선,지식정보단지,37.378021,126.645412,8044,4.0,0.0,1.0,4.0,0
인천,인천지하철 1호선,캠퍼스타운,37.388209,126.661985,9382,6.0,0.5,0.5,6.0,0
인천,인천지하철 1호선,테크노파크,37.382311,126.656355,20179,14.0,0.5,0.5,8.0,1
인천,인천지하철 1호선,인천시청,37.457615,126.702216,9183,7.0,0.29,0.71,5.0,0
인천,인천지하철 1호선,선학,37.426985,126.698872,10363,5.0,0.0,1.0,4.0,0
인천,인천지하철 1호선,송도달빛축제공원,37.40687495,126.6260537,7996,6.0,0.0,1.0,4.0,0
인천,인천지하철 1호선,예술회관,37.449334,126.700991,21396,28.0,0.29,0.71,9.0,1
인천,인천지하철 1호선,센트럴파크,37.392833,126.635002,6553,13.0,0.31,0.69,8.0,1
인천,인천지하철 1호선,동막,37.398173,126.673561,8251,1.0,0.0,1.0,1.0,0
인천,인천지하철 1호선,부평삼거리,37.478267,126.710494,4154,1.0,1.0,0.0,1.0,3
인천,인천지하철 1호선,간석오거리,37.466921,126.707861,18892,5.0,0.2,0.8,3.0,0
인천,인천지하철 1호선,경인교대입구,37.538272,126.722603,9420,6.0,0.33,0.67,6.0,0
인천,인천지하철 1호선,계산,37.543243,126.728436,17565,11.0,0.18,0.82,6.0,1
인천,인천지하철 1호선,계양,37.571539,126.736319,4348,0.0,0.0,0.0,0.0,2
인천,인천지하철 1호선,국제업무지구,37.400464,126.630094,5319,10.0,0.1,0.9,7.0,0
인천,인천지하철 1호선,갈산,37.517124,126.721566,15163,14.0,0.21,0.79,10.0,1
인천,인천지하철 1호선,검단호수공원,37.6025,126.688056,1240,0.0,0.0,0.0,0.0,2
인천,인천지하철 1호선,부평구청,37.508768,126.720547,15096,9.0,0.11,0.89,5.0,0
인천,인천지하철 1호선,문학경기장,37.434964,126.698373,2901,0.0,0.0,0.0,0.0,2
인천,인천지하철 1호선,박촌,37.553525,126.744946,6481,3.0,0.0,1.0,3.0,0
인천,인천지하철 1호선,부평,37.490541,126.723437,13856,34.0,0.29,0.71,13.0,1
인천,인천지하철 1호선,귤현,37.566362,126.742498,1883,1.0,1.0,0.0,1.0,3
인천,인천지하철 1호선,동춘,37.404676,126.680835,17478,13.0,0.54,0.46,8.0,1
인천,인천지하철 1호선,부평시장,37.498495,126.722282,23687,19.0,0.16,0.84,9.0,1
인천,인천지하철 2호선,석남,37.507211,126.676304,4768,6.0,0.33,0.67,6.0,0
인천,인천지하철 2호선,인천시청,37.456904,126.701523,5866,9.0,0.22,0.78,5.0,0
인천,인천지하철 2호선,인천대공원,37.448475,126.753051,3803,1.0,0.0,1.0,1.0,0
인천,인천지하철 2호선,인천가좌,37.489962,126.675284,6966,3.0,0.0,1.0,3.0,0
인천,인천지하철 2호선,시민공원,37.458339,126.6810091,18423,17.0,0.18,0.82,9.0,1
인천,인천지하철 2호선,아시아드경기장,37.551373,126.677075,7214,4.0,0.0,1.0,2.0,0
인천,인천지하철 2호선,석천사거리,37.4569323,126.710383,8222,18.0,0.22,0.78,11.0,1
인천,인천지하철 2호선,석바위시장,37.457659,126.692387,9438,7.0,0.14,0.86,5.0,0
인천,인천지하철 2호선,서구청,37.543839,126.676795,14439,11.0,0.27,0.73,7.0,1
인천,인천지하철 2호선,완정,37.592867,126.672961,11676,13.0,0.15,0.85,7.0,0
인천,인천지하철 2호선,운연,37.439533,126.759609,1965,0.0,0.0,0.0,0.0,2
인천,인천지하철 2호선,서부여성회관,37.500298,126.675875,7028,4.0,0.0,1.0,3.0,0
인천,인천지하철 2호선,검단사거리,37.601693,126.656545,13812,12.0,0.33,0.67,9.0,1
인천,인천지하철 2호선,모래내시장,37.455842,126.719578,14741,16.0,0.19,0.81,10.0,1
인천,인천지하철 2호선,검단오류,37.5950162,126.62801,4540,0.0,0.0,0.0,0.0,2
인천,인천지하철 2호선,만수,37.454962,126.731764,8410,6.0,0.0,1.0,5.0,0
인천,인천지하철 2호선,주안,37.465234,126.679041,13392,17.0,0.41,0.59,13.0,1
인천,인천지하철 2호선,가재울,37.484152,126.683883,6737,2.0,0.0,1.0,2.0,0
인천,인천지하철 2호선,가정,37.524805,126.675387,19639,15.0,0.0,1.0,6.0,1
인천,인천지하철 2호선,가정중앙시장,37.517511,126.676784,10905,8.0,0.38,0.62,7.0,0
인천,인천지하철 2호선,검암,37.568611,126.675682,7339,8.0,0.38,0.62,7.0,0
인천,인천지하철 2호선,남동구청,37.448179,126.736581,7135,3.0,0.0,1.0,3.0,0
인천,인천지하철 2호선,독정,37.584927,126.675981,8211,4.0,0.5,0.5,4.0,0
인천,인천지하철 2호선,마전,37.597756,126.667195,6877,8.0,0.12,0.88,5.0,0
인천,인천지하철 2호선,검바위,37.561091,126.677529,4883,6.0,0.17,0.83,4.0,0
인천,인천지하철 2호선,왕길,37.5950191,126.642284,4046,1.0,0.0,1.0,1.0,0
인천,인천지하철 2호선,주안국가산단,37.473599,126.681102,4307,0.0,0.0,0.0,0.0,2
